Фото;UID;SKU;Score
kzul_gk_1H65_50_101;545729633152;AUTO.РТ30101;11
kzul_val_1M63_21_236;KOLZUBPERBABK.1М63;KOLZUBPERBABK.1М63_21_395;9
kzul_val_1M63Y_20_181;195504077062;KOLZUBPERBABK.1М63_1М63_06_203;9
kzul_val_1M63Y_20_182;195504077062;KOLZUBPERBABK.1М63_1М63_06_203;9
kzul_vk_1H65_50_179;810812748192;KOLZUBPERBABK.164_164_07_179;17
krols_f130_rt301.41.151;420924118002;KOLZUBPERBABK.16К30_16К30_70_151;13
Krols_f150_cm2348.510.302-1;261228525932;ROL.UPR.KZ1840.F150.ИН172-36-01;14
kuzl_f_vilka1M63_04_028;205582153142;VILKA.1М63_21_028;12
Kuzl__val_kz_165.02.410;942588265452;KOLZUBPERBABK.165_165_02_410;18
krols_f150_KG.1841.02.000;444558921272;VINT.HOD.50x10.L2000;10
Krols_f165_cm2349.510.302-1;KOLZUBPERBABK.165;KOLZUBPERBABK.165_02_801;14
Kuzl_pb_val_1m63;KOLZUBPERBABK.У05;KOLZUBPERBABK.У05_20_163;17
krols-KG1844-02-400-050;490880135822;ROL.UPR.KZ1840.F165.КЖ1844.02.400.050;16
krols-LKT1181-7040-;483786383132;ROL.SGL.KZ1840.F180.ЛКТ1181-7040;14
krolu_f130_rt301.41.150;454111005722;KOLZUBPERBABK.1Н983_1Н983_34_150;13
Krolu_f150_cm2348.510.301-;880031924812;AUTO.РТ301;10
k-zb-shpindel-1658-03-198;273869290172;KOLZUBPERBABK.1658_1658_15_175;4
Kuzl_rez_dip500;713190321092;SMENSHEST.VALIKKOLZUB.RT5004.5004361541;11
Kuzl_rez_1H65;668440207852;KOLZUBPERBABK.1М63Б_1М63Б_61_165;17
kuzl_patron_f1000;553654432722;PATRON.4K.1000;10
